,iteration,error,fairness_violation
0,0,0.5116598079561042,0.0026266764904966417
1,1,0.5274348422496571,0.0039245402068195665
2,2,0.5137174211248285,0.0010961956619404366
3,3,0.5060013717421125,0.0012077620237089758
4,4,0.5085048010973937,0.000746092157028624
5,5,0.5054869684499315,0.0026936462582589048
6,6,0.5010777973740937,0.002878690247281551
7,7,0.4970850480109739,0.004284220507338875
8,8,0.49893308946806897,0.0032358959375090833
9,9,0.4996570644718793,0.0004336861525928258
10,10,0.49819179448809087,0.002727177732119578
11,11,0.49805669867398267,0.002367526105558212
12,12,0.4967816819668672,0.0010295306132914993
13,13,0.4948559670781893,0.0011645117850304127
14,14,0.49593049839963416,0.0003925538563524424
15,15,0.49819958847736623,0.0012674762341186448
16,16,0.49681271685628986,0.0032602219100302267
17,17,0.4954656302392928,0.0005319022666468755
18,18,0.4959930690924843,2.5012728858048972e-05
19,19,0.4955418381344307,0.00036948208519534456
20,20,0.4961133973479653,0.0007299889144373188
21,21,0.4976618032173588,0.0010803583293420365
22,22,0.4980318482733942,5.846897745441681e-05
23,23,0.4978566529492455,0.002937849831864408
24,24,0.4990672153635117,0.000614947795927915
25,25,0.5001846575920651,0.0015760980503015094
26,26,0.49928872631204596,0.00023272804075601797
27,27,0.49882422104644325,0.0014218472375631586
28,28,0.49858095643536254,0.0013215098799059287
29,29,0.49977137631458624,0.0011896418495156997
30,30,0.5003761228372937,0.0016215116370067676
31,31,0.5006644375857339,0.00014425630412340858
32,32,0.5003117595710188,0.0016165512778088407
33,33,0.5003429355281207,0.002177687198697562
34,34,0.5008818342151676,0.00015494496059484047
35,35,0.5010859625057156,0.00199914076145688
36,36,0.501186371556742,0.001521036913780489
37,37,0.5009746588693957,0.001936759462346012
38,38,0.5014069149871618,0.0022471830214084456
39,39,0.5012688614540467,0.002776600947716774
40,40,0.5009702566161464,0.0029088021233194153
41,41,0.501045136847606,0.0013452491921751414
42,42,0.5009251284014419,0.0008336608298508729
43,43,0.5006546950991396,0.0022670685875865945
44,44,0.5001981405273587,0.0005671314241564251
45,45,0.5004771276912984,0.00044392147915833834
46,46,0.5007588360622245,0.0006192785398638027
47,47,0.5005429812528579,0.0003773463787031471
48,48,0.5000979815794631,0.000659078422223132
49,49,0.499039780521262,0.0020943634983503724
50,50,0.49895102073751313,0.0002239646874577864
51,51,0.49869420702754036,0.0008609482637732067
52,52,0.4986153169241918,0.00024365962714448236
53,53,0.4987679723619367,0.00033173174732168163
54,54,0.49943883277216605,0.0010335714686353767
55,55,0.49948559670781895,0.0017316140489896698
56,56,0.4994103915481433,0.0011119456696537656
57,57,0.4993496050328745,7.528986598402625e-05
58,58,0.4998837506684336,0.00033142481373958557
59,59,0.5005144032921811,0.0006192473854701691
60,60,0.4998313431828915,0.001562591908145405
61,61,0.49973450152661614,0.000291230312325274
62,62,0.5001197552637882,0.00023957391530365752
63,63,0.4998070987654321,0.0027655509616278076
64,64,0.4997467553023109,5.191454865290716e-05
65,65,0.49915824915824913,0.0017669249748247613
66,66,0.49885346927911883,0.00017483163012188872
67,67,0.4987190349390785,0.0015852284421789078
68,68,0.49868789884892945,0.0011139587475200194
69,69,0.49898099157358416,0.00330242320954178
70,70,0.4992271875422632,0.0010677073424467138
71,71,0.49905692729766804,0.0006911991572563556
72,72,0.4988255632598606,0.0003906480891356632
73,73,0.49869313758202644,0.0015802539206340028
74,74,0.49882944673068125,0.0007506464161969464
75,75,0.4990975380838929,0.0010202433006494772
76,76,0.49951009210268466,0.0007712889000289766
77,77,0.4995427526291723,0.0008508894480022998
78,78,0.4995832682189925,0.0008876907597436264
79,79,0.49938271604938267,0.0002607941174979564
80,80,0.4993649342071839,0.0003058036627695034
81,81,0.49929740038141124,0.0018670142232454859
82,82,0.4987026294478325,0.0002473540819062635
83,83,0.49871807433535825,0.0014902821603990973
84,84,0.49860405067376745,2.8541256386103527e-05
85,85,0.498564455928797,0.0007671906924922734
86,86,0.4989120666004446,0.00015832560295408408
87,87,0.49870619778027186,0.0013698701936612557
88,88,0.4987746797984001,0.0005337506598969437
89,89,0.49897119341563784,6.008390890350792e-05
90,90,0.4987639246898506,0.0007095354014325591
91,91,0.4987177193296356,0.0002565578687914311
92,92,0.4984512589052612,0.0002425147991352522
93,93,0.4981320958468319,0.00015104874294678844
94,94,0.4981878564724569,0.00014691607088415898
95,95,0.49809242112482854,0.0003623741526297976
96,96,0.49780804095427994,0.0003063943393972204
97,97,0.4977954144620811,0.00013215237514970212
98,98,0.4978938908980061,0.000161584299622489
99,99,0.49801097393689986,0.00027293075597563897
100,100,0.49759605590188644,0.0006473799571450265
101,101,0.497599451303155,7.00017260156863e-05
102,102,0.49758280394742094,0.00010656246226476688
103,103,0.4977181597551968,1.940075865894485e-05
104,104,0.497811744725325,0.00034823056515499723
105,105,0.49748945311488996,0.0014361859993391355
106,106,0.4974616360909196,0.0003078440826064404
107,107,0.49758674998729874,0.0002129642756171649
108,108,0.49775361498093407,0.0006342862400781981
109,109,0.4976618032173587,0.0004033633366751064
110,110,0.4975407506271704,0.0005056541797066662
111,111,0.49781378600823045,0.00024111411517740354
112,112,0.4981548247690496,0.0003051349160697607
113,113,0.4977919765119245,5.167809574913029e-05
114,114,0.497691894793344,0.0004437806504663782
115,115,0.49754032448796176,0.0006054430958366815
116,116,0.4974792773146683,0.0011390953075102865
117,117,0.4976110762363116,0.0006311052685246027
118,118,0.4979366232089543,0.0006283858449664108
119,119,0.49799954275262914,0.0005387914102083545
120,120,0.49818612613225405,0.0005011668149597769
121,121,0.4983471631923362,0.0003942445161493347
122,122,0.4985613436381277,0.00028825723590674877
123,123,0.49847891499623875,0.0010052251560090136
124,124,0.49846913580246915,0.0007612535612535161
125,125,0.4983724170966969,0.00013100658538269184
126,126,0.498504045019064,0.0005459339416379337
127,127,0.4983817729766804,3.744406314229922e-05
128,128,0.4985006539700768,0.00013215939289696745
129,129,0.4983644613274243,0.0006569571101351789
130,130,0.4985549586906669,8.927257277834291e-05
131,131,0.4987061977802718,0.0001945661078228837
132,132,0.49840651010241654,8.451905933066811e-05
133,133,0.4981215322564134,0.0005645781670236482
134,134,0.4982167352537723,0.00011103945128542307
135,135,0.4980331638828371,0.00013291217285503492
136,136,0.49807255214121937,0.00041557144385595253
137,137,0.49803681835351193,0.0010753386881714418
138,138,0.49806574493491623,9.418310410704886e-05
139,139,0.49811875367430913,0.0002972296227316662
140,140,0.4980153518372588,0.00031009950529228955
141,141,0.4980196680770494,0.0004242591629979666
142,142,0.4977505347875718,0.0006119169462591963
143,143,0.4976899481786313,6.786803862567114e-05
144,144,0.4975450546331772,8.431942180387316e-05
145,145,0.497237724787192,6.0927111235162196e-05
146,146,0.4971025447215923,0.00017359181888651156
147,147,0.4972287101916731,0.000347205526730037
148,148,0.49743143591018313,0.00022980448492791757
149,149,0.4974714220393232,0.0015936421607024248
150,150,0.4973519018159685,0.0008639554128341946
151,151,0.49743700815825576,0.0001968504011058188
152,152,0.49757927862503026,0.0005745157849265
153,153,0.4977375162560347,0.00019263746418852101
154,154,0.49780078764547103,0.0002169590144943827
155,155,0.49785885125391294,0.0002437782282158579
156,156,0.4979773356749058,0.0003321938372100217
157,157,0.49825059471097916,0.00017305060174749423
158,158,0.49830042014994264,4.219469846969723e-05
159,159,0.4984010631001372,0.0010283766670061147
160,160,0.49835135342381714,0.0007978226608596916
161,161,0.49834882893867805,0.0005712017771833872
162,162,0.49843049138663775,0.00013588675984114597
163,163,0.498348054468199,0.0004563927705780697
164,164,0.4983331254936193,0.00016786914193782178
165,165,0.4983514304130101,0.0004750463869002073
166,166,0.49842701428418884,0.0004807356552192809
167,167,0.49846903782088964,0.0002316544111249886
168,168,0.49846186313422786,0.001129082941977193
169,169,0.4985233599612684,0.00042618085924683906
170,170,0.49862023600381844,0.0008313541381970514
171,171,0.49859635690815707,0.00015211009190500098
172,172,0.4984538166940222,0.0011727344190306703
173,173,0.49841145956514193,0.0006892620264286547
174,174,0.49830295904369976,0.00018607657510024114
175,175,0.49826194039156996,0.0003503954712765016
176,176,0.49829113482597476,0.000660658319118577
177,177,0.4984741295602719,0.0008395955538083238
178,178,0.4984481688392303,0.0011989978325342289
179,179,0.49850632525529653,0.00041281509013039156
180,180,0.4986055218304042,0.0007847028542400469
181,181,0.49880537843500805,0.00022637464008965063
182,182,0.4989580756631961,0.0001602479779857722
183,183,0.49897864853581436,0.00011369493484814924
184,184,0.4989989989989991,0.0003952467211942133
185,185,0.49901913063999886,0.00048023104507615956
186,186,0.4991784218363739,0.0003445772109375445
187,187,0.49920468143478386,0.000325273111097433
188,188,0.499303242101596,0.0011111545111360365
189,189,0.4993032994007653,0.000724487355042231
190,190,0.49940031169428106,8.955294894475609e-05
191,191,0.4993069844535894,0.0003560649587445537
192,192,0.49938875740065525,0.0004153067979294122
193,193,0.49939897897133484,0.00025228062238418945
194,194,0.4993985438429883,5.189243556934066e-05
195,195,0.49944010526021104,0.00011153579982860007
196,196,0.49960658157687676,0.0009076177363329109
197,197,0.49951504066730407,0.00016692221572984315
198,198,0.499448545884429,0.0006417514000201978
199,199,0.49928669410150894,0.0002229446835363211
200,200,0.4993175412375707,6.0616642916210745e-05
201,201,0.49927338412853633,0.0005340664239229617
202,202,0.49914519518606365,0.00011891756218522823
203,203,0.49918300653594766,0.00035559771969737134
204,204,0.4991301147579377,8.411033487661554e-05
205,205,0.49904111230972065,0.0003906821798504121
206,206,0.4990358044571679,0.00010115568280739636
207,207,0.4989415163026274,0.00029681432823110593
208,208,0.49895314417731573,0.00033970878192869343
209,209,0.4988895420994186,0.00047491353042413646
210,210,0.49889805550679694,0.0001054662130398682
211,211,0.49881913709656545,0.0006537135375897305
212,212,0.4988375612614875,0.0007410009696808957
213,213,0.4988590182428881,9.978901830389165e-06
214,214,0.4987080103359173,0.00016812791261863963
215,215,0.4986663618350861,0.000534855738565438
216,216,0.49863773997585226,0.00028455006377474493
217,217,0.4986597198625741,0.00037831932142611625
218,218,0.498621994224903,0.000652633527770336
219,219,0.4986220226960968,0.0003768615041459894
220,220,0.49858791253126766,4.924021757284094e-07
221,221,0.49863134739677945,0.0005475626757996028
222,222,0.4987113005714567,0.00033436443434732777
223,223,0.49864050558495,0.00024376911805948254
224,224,0.49847584209724133,0.00047889618132997553
225,225,0.49847955133107547,0.0001547541242689491
226,226,0.4984499918420624,0.0007859662115101217
227,227,0.49849589680648815,0.0003137060973908021
228,228,0.49846352903121466,0.00025805656157025536
229,229,0.4983986401860798,0.0003638055239337043
230,230,0.49846792439385035,0.0006962013718891738
231,231,0.4983858379452249,0.0007280473237602695
232,232,0.4983927656793655,0.00033334401960638424
233,233,0.49845532458701186,0.0005004581625479508
234,234,0.49854945568105535,0.0004037566930789632
235,235,0.49835216572504704,1.4766024408258757e-06
236,236,0.4983620125829846,0.0002005350840946035
237,237,0.4983948311835022,0.001347993659512314
238,238,0.4984245053980061,0.0007152912498496062
239,239,0.49849394147233644,0.000141845688663103
240,240,0.4984034287860936,0.0007336096274573826
241,241,0.4985120565928646,0.00023675792552786958
242,242,0.4984193918045464,0.000868499019345987
243,243,0.4983837055027098,0.0005356592884178374
244,244,0.49825032893815974,0.0001361962291700672
245,245,0.4982490771409771,0.0007529164926366453
246,246,0.4981645313029329,0.00016146893845940712
247,247,0.49826872870481,0.0006778157668606314
248,248,0.49827568160157776,0.0007876244536833791
249,249,0.4982716049382716,0.00013325427555307485
250,250,0.4984697697549991,0.0003054274872201194
251,251,0.4984431815707536,0.00016842933703651946
252,252,0.4983300530804556,0.0003149746455171436
253,253,0.4982745212404005,0.0006641351799505021
254,254,0.4981844589687727,0.00019928765878815205
255,255,0.4981165337791495,3.854202857097926e-05
256,256,0.49799042449280234,0.0005862529265156242
257,257,0.49793972841632905,0.00010221837128606506
258,258,0.4980006461487943,0.0004943864605147665
259,259,0.4979793183496887,1.038300338506813e-05
260,260,0.4980606404616622,0.000501339546065019
261,261,0.4979214442036043,0.0007066571211704408
262,262,0.49792413170810573,0.00010639901171337586
263,263,0.4978566529492455,0.0002681429531460228
264,264,0.4977638015373864,0.00042251209226595366
265,265,0.497749002134967,0.000602711733794555
266,266,0.49778055208766814,0.00023841676878082717
267,267,0.4977274123211105,0.0004577428239684521
268,268,0.4977282114828583,0.0002822528838720779
269,269,0.4977467865670883,0.00012727199178300951
270,270,0.4977702863448387,0.0002642525732112849
271,271,0.49780117808440255,0.0005984182372506351
272,272,0.49772381253862735,0.0003098160501074947
273,273,0.49775965476154715,8.428826880880561e-05
274,274,0.49775533108866443,0.0006436496435957276
275,275,0.4977584938669211,7.804545023239914e-05
276,276,0.4978433440794719,0.0008825148895171247
277,277,0.4976216557618103,0.0012679234081752482
278,278,0.497553972397992,0.00010899471656036024
279,279,0.49752351557907115,0.0003053060944870351
280,280,0.49757138184711663,4.87559260435891e-05
281,281,0.49748757162731416,0.0007584324712162148
282,282,0.49749887303872387,0.0009499958430770604
283,283,0.4973990030719295,0.00013135069815926214
284,284,0.4974634803744616,0.0012530562822018819
285,285,0.4974891363780252,0.00038637451705542705
286,286,0.49752178297797084,0.0008756144876821637
287,287,0.4974684689833867,0.0008789594826914976
288,288,0.49760301118753003,0.00020529184740464165
289,289,0.4975687053592545,0.0004164421224732956
290,290,0.4975417061454989,0.0001307744359999832
291,291,0.49752193847830584,0.0004343452651931657
292,292,0.4974718746049803,0.00020297648091717376
293,293,0.4975364631449288,0.00076540341129113
294,294,0.49758898886331404,0.0005295166059345532
295,295,0.49759018277536793,0.0011918664433624797
296,296,0.4976121526190113,0.00021358824855769322
297,297,0.49759024498025245,0.00013776743393616688
298,298,0.4975317817507834,0.00014680852039952193
299,299,0.49757430269775943,0.0008792910590098818
300,300,0.49761881975490935,0.0003237262827511889
301,301,0.4976834818630256,0.0006093186509045963
302,302,0.4976458551204914,0.00022498610850893317
303,303,0.4976784167208143,0.00034577624703423313
304,304,0.497717511075131,5.412729990696261e-05
305,305,0.4977944538583609,0.00013145029947371815
306,306,0.49781057447844757,0.0003520296796684415
307,307,0.49789562289562295,0.0009060022268281439
308,308,0.49788689564549565,0.0001656722872339632
309,309,0.49778308774724545,7.940478359717317e-05
310,310,0.49777477847026497,0.001355689310301528
311,311,0.4977401428018712,0.0005507985138513318
312,312,0.497670667946375,0.00016896888151037248
313,313,0.49768463910950345,1.1439768866557903e-05
314,314,0.49786835630457027,0.0007011874631785893
315,315,0.49784688579812814,4.648993326606209e-05
316,316,0.4977974235480953,1.6622481666462975e-05
317,317,0.49775258603583783,0.00024200103736171026
318,318,0.49778973214477684,0.0001547614098773331
319,319,0.4977387688614541,7.959499250173818e-05
320,320,0.4977265831656048,6.712004999271275e-05
321,321,0.49775281377535807,0.000459755664536418
322,322,0.4977512772490413,0.00014630098424554672
323,323,0.49778362038307167,0.0004262654595816009
324,324,0.4977946607576237,0.0003938493188207732
325,325,0.4977656593198516,0.0004902452036340731
326,326,0.49770117835583916,0.0006574133105348885
327,327,0.497624544146676,0.00012136425882020134
328,328,0.4976213408049499,0.0004227315658962163
329,329,0.4976077648917155,0.0005362875836031111
330,330,0.49773517503180703,2.919967147972195e-05
331,331,0.4977564579304874,0.000646282604375362
332,332,0.49775289692985164,0.0008239201244617669
333,333,0.4977514107587294,0.00085172012427606
334,334,0.4977315070736851,0.00023997515015657515
335,335,0.49763007054673725,9.799346466199902e-06
336,336,0.49764320865540773,0.0009621597356897103
337,337,0.4977130867444257,0.0007936800987535471
338,338,0.497693530961312,0.0008037913789633588
339,339,0.4975893649640926,0.00024234136407840366
340,340,0.4976587861892522,5.081957678305303e-05
341,341,0.49758741847760696,0.000178629639735123
342,342,0.4975584590097061,0.0004220807652644544
343,343,0.4975157112323348,0.0007113529937388849
344,344,0.4974612830758832,0.00018098447940957302
345,345,0.497474567266903,0.0004226103576566136
346,346,0.49751347034941873,0.00017394423533908471
347,347,0.49750287750500605,0.0002939284947586681
348,348,0.4974962758577318,0.00013138259811168443
349,349,0.4973780129335685,4.943006668167791e-05
350,350,0.4973776667878177,0.0004820413619920711
351,351,0.4973364041651079,0.0004605430824498964
352,352,0.49741001099725257,0.00011777780911429162
353,353,0.49746576457185376,0.0006900454018925918
354,354,0.49746710716976755,0.0003142545679670322
355,355,0.49741835051864186,0.0006455581898237603
356,356,0.4975389332687808,0.00011029401604851417
357,357,0.4974749216421056,4.052547384104145e-05
358,358,0.49742655066084346,8.45845579659603e-06
359,359,0.4974565614997714,0.00012379345819003214
360,360,0.49745220751684277,0.0001015252534113411
361,361,0.49738156408915557,0.00033007296549518277
362,362,0.4974586871332102,0.0001725891964195901
363,363,0.497461900239678,0.00043820453950380305
364,364,0.49735422891181386,7.74291615216645e-05
365,365,0.49744016430921917,0.0008011513939628544
366,366,0.4974434016214216,0.0002838243782069785
367,367,0.49736461501759416,0.00011046552647833838
368,368,0.4973977791904119,0.0007567949658926573
369,369,0.4974103733362992,2.4055000064476357e-05
370,370,0.4973637408997297,0.0003882665735972073
371,371,0.49742613979969613,6.3282933066413235e-06
372,372,0.49751210847427707,0.0005006561014209528
373,373,0.4974032261613961,0.00031261644936713735
374,374,0.4974558756287152,0.00028768114350445785
375,375,0.49742980766424416,0.0005027628778350255
376,376,0.49742752871743934,0.0002781946115632471
377,377,0.4975413881449547,0.00045155832230308685
378,378,0.49749720403487624,0.00039087666858005413
379,379,0.4974947657208865,0.00015163195891806783
380,380,0.49740773144097733,0.0001471114604399728
381,381,0.49744324506783294,0.0004899825872048385
382,382,0.49740156944489217,0.0001553865314194334
383,383,0.49739761945587563,0.00026928370262303326
384,384,0.49750057898206046,0.00017167969232757298
385,385,0.4974946160898953,0.00015675965428846604
386,386,0.49753830775938146,0.0002722980722112936
387,387,0.4975163689844866,0.00018299726755659142
388,388,0.4975245168047224,0.0010540867123166582
389,389,0.4976170377404945,0.0003803242857703121
390,390,0.497584541062802,0.00023091550152403882
391,391,0.49760644998740244,0.00015864074348808548
392,392,0.49758985259880556,8.036219398559663e-05
393,393,0.4975524499871181,0.00020723756716749202
394,394,0.49744751784132935,0.00025382856110363724
395,395,0.49744357151764557,0.0004705209770172598
396,396,0.4974033647417359,0.00045351203701815557
397,397,0.4974409082449284,0.00047333646606628803
398,398,0.49744732200872555,0.0002844881685085742
399,399,0.4974382716049382,0.0005007682354843957
400,400,0.4973933479059553,0.00040991381054611924
401,401,0.4974203058780173,0.00015166364522203844
402,402,0.4973773516186897,0.0007901421115301856
403,403,0.4973685640168955,8.483993267875028e-05
404,404,0.49729715998577456,0.0007489586031831423
405,405,0.49733929331630483,0.0002732719980047962
406,406,0.49733066399733067,0.00020386100498234386
407,407,0.4972800505661798,0.0003113992016200145
408,408,0.4972397463115565,7.598983515676798e-05
409,409,0.497176218675767,0.0004972710308652747
410,410,0.4971847579759628,0.0005548677096477391
411,411,0.497184932145378,0.0005960262223913459
412,412,0.4972299444992477,0.0006445782493831364
413,413,0.49715877086605303,0.00021750430675168103
414,414,0.4971160361611053,0.0002729746233151499
415,415,0.497076804368471,0.00011702328875755692
416,416,0.4971249337978177,0.0004396039706760895
417,417,0.4970481291144059,0.0004392168986089667
418,418,0.4969749648879853,4.7809888728475065e-05
419,419,0.49698216735253775,0.0004367382716619693
420,420,0.49697304412708654,0.0004642666958784177
421,421,0.4969493365579025,0.0004842911334466438
422,422,0.496977627307721,5.061880909980596e-05
423,423,0.4969346093123172,6.582058788376675e-05
424,424,0.49694666343903815,0.0003916800006013642
425,425,0.4969409506881251,0.0001341535503738186
426,426,0.496864589457182,0.0003011202810758576
427,427,0.4968783251926209,0.0003502417264174123
428,428,0.4969511512721389,0.00030790997104707834
429,429,0.49698216735253775,0.0006956847682325461
430,430,0.49703372703286774,7.253944355261702e-05
431,431,0.49711838896509686,0.000578097437184804
432,432,0.4971709798927317,6.461708721498856e-06
433,433,0.4971127041019514,0.0001091337299358347
434,434,0.4971161881336424,0.0005009904936643454
435,435,0.49706774392469255,0.0003580459774220903
436,436,0.49706032840196757,0.0003033450875785038
437,437,0.4971014901253359,0.00017644929049524067
438,438,0.4970909068184019,0.0008833322578500587
439,439,0.4971099887766554,0.000317320871663433
440,440,0.4970916578794298,0.000258443083410323
441,441,0.4970889273721517,0.00011899418082722789
442,442,0.49704750315067187,0.0005584468625730978
443,443,0.4970387053720387,0.0004010174993670638
444,444,0.49707618563215733,2.4274148390837512e-05
445,445,0.49709043040715517,6.716075384761628e-05
446,446,0.4970432359611248,0.00043269717642076293
447,447,0.49707280031354106,0.00025524058827739327
448,448,0.4970594615072055,0.00036832469523536624
449,449,0.49710409998475846,0.0005303182073418069
450,450,0.4971029171571177,0.0004748359547044165
451,451,0.49706076938951405,0.0004085782177167654
452,452,0.4971066234249948,1.7633227363394668e-05
453,453,0.49706616389598934,0.0004159189216840018
454,454,0.49703492666455634,0.00013131572245270528
455,455,0.4970309002960075,0.00023192526855181104
456,456,0.49703289479608465,0.00022397488220165656
457,457,0.49706782635781505,0.0006798264205589356
458,458,0.49710111143985103,0.00023677784396261241
459,459,0.49709995825132697,0.0006985046092392712
460,460,0.49714641933650533,0.0008740733520205476
461,461,0.49703086122839213,0.00029366097888576737
462,462,0.4970565317737544,0.0007849886861603655
463,463,0.49696679438058744,0.00014359553829566138
464,464,0.4969792173695001,0.00013081807650670125
465,465,0.49699894617236845,0.000828416902447341
466,466,0.4970479639763485,0.0007078531975168019
467,467,0.4969897881420515,0.0003460457932397046
468,468,0.4969581838017438,0.00035187710027164044
469,469,0.496958818550623,0.0005056736594293257
470,470,0.4969507133932706,1.408933549304176e-05
471,471,0.496894689730534,0.0004589718870945785
472,472,0.4968751540672298,0.00013861783323435256
473,473,0.4969237091443686,0.00017114235032428458
474,474,0.49689986282578874,0.00010218548689906925
475,475,0.49683865315673587,0.0005744095638746444
476,476,0.49683521552455473,0.000105612325634045
477,477,0.4968576200561323,0.00037413766124268216
478,478,0.4969071367818758,0.00012412604631337825
479,479,0.4969050068587106,0.0006003909232070521
480,480,0.49690716357383025,0.00030657438064844803
481,481,0.49685808445605584,0.0005548543446035615
482,482,0.49684328911382053,0.0005597974741901529
483,483,0.49687248466709744,0.0004954972170548211
484,484,0.4968577206454258,0.00012284268491923717
485,485,0.49684866241031456,0.0002920296073321757
486,486,0.49685513332938985,1.0401156467310528e-05
487,487,0.49688406530391954,0.000252055085080604
488,488,0.4968722035676515,0.0004445892694571387
489,489,0.49691358024691357,0.00020985648470287548
490,490,0.49685840324748065,0.00013997530329842273
491,491,0.49689824573142855,0.00020413350844022618
492,492,0.4969434914593055,0.0004366038652507424
493,493,0.4969219106646008,0.0006089632335620898
494,494,0.4969544553906694,0.0006545831621756645
495,495,0.49696059560157535,0.00026815539042092005
496,496,0.49699845161504,0.0001883889481145971
497,497,0.4970788503809477,0.0005173654803271807
498,498,0.49705858905740147,0.00010265567805250802
499,499,0.4970576131687243,3.022650630682567e-05
500,500,0.4970648552004359,0.00032817838125869355
501,501,0.4970843648724717,0.00046107349195988754
502,502,0.49708607068153493,0.0004932735587997582
503,503,0.49707416116881137,0.0004842188487907367
504,504,0.4970622988224748,0.0004734345880541904
505,505,0.4970667490796315,0.0005887069534507499
506,506,0.4971022962475954,0.00014249129758848927
507,507,0.49704589395461374,0.00032811710267483045
508,508,0.4970166630284508,0.00030467182909042875
509,509,0.49699830549503754,0.00013625807215441685
510,510,0.49696525546347975,0.0006247818780018958
511,511,0.49697252229080935,0.00023616946316451853
512,512,0.49696371702003067,0.00010849393360516058
513,513,0.4969923086366378,0.0006172081291865995
514,514,0.49701413027554703,0.0006156914262812954
515,515,0.4970052955625738,0.00038508842938536907
516,516,0.4969699622969914,0.00019732206459373321
517,517,0.49701023775097847,0.0005041520570621749
518,518,0.4970226059928479,0.0004451228191691191
519,519,0.49708900495937536,3.8540608401357824e-05
520,520,0.4970695797098015,0.000382265225220493
521,521,0.4970476010280182,0.00022478326345333537
522,522,0.49708472015674054,0.0004435264851350305
523,523,0.49704970732677833,2.703220329675886e-05
524,524,0.4970683911424652,0.0004029310611875729
525,525,0.49704788579594944,0.0005228342137496032
526,526,0.4971094504441894,0.00017629346015749674
527,527,0.4971123269734381,0.0006350475148209109
528,528,0.4971307511390127,0.0007738044433271195
529,529,0.49713875300877397,0.00017068509007758906
530,530,0.4971570580135832,0.00014032557457862509
531,531,0.4971430634198665,0.00035364568408407176
532,532,0.49711625321381425,0.0005288083168902319
533,533,0.49709211222597266,0.00037904837102545845
534,534,0.49706677948284045,0.00020603161529227304
535,535,0.4970952848924104,0.0003935478088197971
536,536,0.49708281286321154,0.00022402711293017488
537,537,0.4970474398396745,0.00045363106841150516
538,538,0.4970516451997933,0.00041444189351848374
539,539,0.49705329472133314,0.00031390923133116827
540,540,0.4970650804155288,0.0007375051121240125
541,541,0.4970717608410652,0.0005276668216718818
542,542,0.4970897846895391,0.00031244213826548187
543,543,0.49705478899378686,0.0003972752809518086
544,544,0.4970249556386152,5.737345320437902e-06
545,545,0.4970241235673334,0.00012568872076124162
546,546,0.49702329453835986,0.00019509569150458957
547,547,0.4970650225786749,0.000373280791496022
548,548,0.4970691193115804,0.00033474227468942503
549,549,0.4970657189175708,0.00041930437046076917
550,550,0.4970038264385243,0.0004528589498853666
551,551,0.4970080117691497,0.0005154016488859559
552,552,0.4970159027824288,0.00043259536213878784
553,553,0.49701757513630757,0.0004811016085573664
554,554,0.4970439575377847,0.00016467848875706482
555,555,0.4970986174023744,6.704970812287731e-05
556,556,0.4971075204468382,0.00010614664707132858
557,557,0.4971053291443574,0.0005434710380691983
558,558,0.4971190961716371,0.0002574152926393832
559,559,0.4971132177150696,0.000614108819739867
560,560,0.49710736021556645,6.43625237625915e-05
561,561,0.49711250726144623,0.0006989900318026755
562,562,0.4971578380564632,9.146152461090007e-05
563,563,0.4971920633530825,0.00047022441486842205
564,564,0.49718367991065465,1.8478444449190628e-05
565,565,0.497182596809609,0.00038748940092663345
566,566,0.49721780700290075,0.00013793697690003346
567,567,0.49725772329449947,7.066537493369665e-05
568,568,0.497270980542477,0.0002251815072042892
569,569,0.4973130700551103,0.0007754373270524988
570,570,0.49729375220715955,0.00017698888645051243
571,571,0.4972397287212102,0.00036705317313433873
572,572,0.497245742931219,0.0003420216745575411
573,573,0.4972756341320027,0.00025341563048545394
574,574,0.4972099958251327,8.288791431910596e-05
575,575,0.49725294352994975,0.00011732088500467823
576,576,0.4972826668378373,7.682431469472138e-05
577,577,0.49728143496565896,0.00010769297957014665
578,578,0.497236377937459,0.00032278475846374657
579,579,0.49724942055721105,0.00024186808993698455
580,580,0.49721992024535533,0.00035072219491606694
581,581,0.49723530326814014,7.797908195091862e-05
582,582,0.4971847522511394,0.0001269402844222088
583,583,0.49717665407670475,0.00030123023633573385
584,584,0.4971861700256761,0.00023039075691012892
585,585,0.49719214221173524,0.0006257549902212559
586,586,0.4972261364778242,7.032022967768843e-05
587,587,0.49722968748541946,0.00033539454563499675
588,588,0.49723439090225235,0.0002055798455501533
589,589,0.49722280346888004,0.00017438415012955945
590,590,0.4972124157748022,7.565888341361159e-05
591,591,0.49719858747636525,0.00020793476640151843
592,592,0.49719058887755413,0.00011263992243611594
593,593,0.49718723587036345,0.00017792430830569178
594,594,0.4971885050316423,8.293017127906253e-05
595,595,0.4971966746761676,0.0004792346696665976
596,596,0.49717379765769865,0.00041047176715636055
597,597,0.49721407893710634,0.0005325214629829673
598,598,0.4972702560966952,6.612638462000828e-05
599,599,0.4972245084590764,3.907734535621771e-05
600,600,0.49718347792545114,0.0005037834904154105
601,601,0.4972041070232285,0.00034935190272160967
602,602,0.4972269425619957,2.5957274326460815e-05
603,603,0.4972883111220124,0.0003963589899914052
604,604,0.4972961942658912,0.000603649403456446
605,605,0.49730971039490784,0.00045300853555513883
606,606,0.49732431192556886,0.00014626994806744964
607,607,0.4973625550501769,3.348107436218084e-06
608,608,0.4973702645052156,0.00031477744283157113
609,609,0.49738919247115976,0.0003154496223805608
610,610,0.49734295124366046,0.0002579317487388663
611,611,0.49732712014847086,0.00015396226438730212
612,612,0.49736616563394404,0.00036014618795537765
613,613,0.49739949866623767,8.91421636946237e-05
614,614,0.4973635785740574,0.00014096051093858696
615,615,0.49733222881371025,0.00019661144250069528
616,616,0.4973421107042573,0.0002829281414461334
617,617,0.49739302409205316,0.00010685486123498174
618,618,0.49739501962322524,3.379085479570047e-05
619,619,0.49738815876808706,0.0005748475509311489
620,620,0.4973625441508783,0.0002931599707654272
621,621,0.49729621249211575,0.00018099950247165268
622,622,0.4972774331908747,0.0003796944450942579
623,623,0.497257614927368,0.0004954771796051103
624,624,0.4972411522633745,5.257808677219868e-05
625,625,0.4972718547443432,0.00044847267659412887
626,626,0.4972991776110685,0.00036991752268408757
627,627,0.4973034782836623,0.0004054019370396534
628,628,0.4972946803012163,0.00018804500891690196
629,629,0.4972913536699545,0.000268187135403682
630,630,0.4972912984593445,9.412669192777529e-05
631,631,0.4972706238822038,0.00031952311558466136
632,632,0.4972771027419673,0.00016480386668528773
633,633,0.49725976122167265,0.00023898045520542554
634,634,0.49726083622263273,0.0002785793804951725
635,635,0.4972575941886448,0.00043768052125825214
636,636,0.49727589674679623,0.0003134025068206895
637,637,0.4972500655770132,0.0002605711763022525
638,638,0.4972490023205841,0.0007409143974459661
639,639,0.4972843792866941,0.00036937794140843254
640,640,0.49727684580634257,0.0003781453293315121
641,641,0.49719348401129876,0.00035501222308951673
642,642,0.49720531544735225,0.0005153740892724048
643,643,0.49724586560335354,0.0005234760208074279
644,644,0.4973011771461384,0.00029359735890229345
645,645,0.4972873056521721,1.938759266643829e-05
646,646,0.4973466224825776,6.133971884547673e-05
647,647,0.4973147301393758,7.407252107476747e-05
648,648,0.4972924473866093,0.0002610864997647593
649,649,0.49729239210720694,0.00019431093343432566
650,650,0.49726705142874,7.3289503725678835e-06
651,651,0.49723547678557906,7.247208176702928e-05
652,652,0.4972869755922334,0.0001338119271888833
653,653,0.49728063662257793,5.0629001837458536e-05
654,654,0.49730887234421306,0.00021428323546252478
655,655,0.4973035648566361,0.0003349808166976492
656,656,0.4972982735257948,0.00019629006099758373
657,657,0.4973336502099308,0.0005780530838944152
658,658,0.4973397778152457,0.00040030467968085937
659,659,0.4972887309307062,0.0006728718752418307
660,660,0.49725962865426093,5.737454787843824e-05
661,661,0.4972772369549812,0.00030534634251840997
662,662,0.49727099872343156,0.00029177575175049213
663,663,0.497279240418464,0.0003033936862815492
664,664,0.49728952009653765,0.0005106031562274038
665,665,0.4972781423398707,8.679407388978068e-07
666,666,0.49731821332132287,0.0005230100362981106
667,667,0.49731606745357015,0.00039845384642916683
668,668,0.4973385332406536,2.426648486963686e-05
669,669,0.4973210081280839,0.00023801270869342432
670,670,0.49729433578856774,0.000658903522298561
671,671,0.49728203181135283,0.00017772977821360034
672,672,0.4972504010256474,0.00014593067478093936
673,673,0.49726465667777897,0.0001438923756648123
674,674,0.49727480566986737,0.0005744964114271226
675,675,0.49724129674272133,0.00041907942603398347
676,676,0.49726158129243636,0.0001332273059913803
677,677,0.49725955060271687,0.0003238901805975361
678,678,0.4972524752975307,1.3649561382813015e-06
679,679,0.4972847575244089,0.00022585030921455304
680,680,0.497293780428604,6.172714462243401e-05
681,681,0.4973098166049182,0.0004942700092773442
682,682,0.49733383945194587,0.00039327068523688067
683,683,0.49737383582412825,0.00038493365067296387
684,684,0.4973516365784547,0.0001090522772390582
685,685,0.4973305018656493,1.2623536527674308e-05
686,686,0.49732839745778445,8.913034766400525e-05
687,687,0.4973003796216544,0.00019783569964767735
688,688,0.4972575112337516,0.00022945540783556598
689,689,0.49728236019164634,0.00022051506163491208
690,690,0.4972694192826047,0.0003783410711468294
691,691,0.497327878081464,2.3131001516037603e-05
692,692,0.49727532032058774,5.989520227917903e-05
693,693,0.49728814095342005,0.00034708719591644815
694,694,0.4973403992855099,0.00023166903248475734
695,695,0.49731071535562815,5.386249176400896e-06
696,696,0.49730965356131407,0.0002620149214307129
697,697,0.49731449054912924,7.523288684479748e-05
698,698,0.4972996893465288,0.00036525585009937423
699,699,0.49731530472271207,0.00020993439625276262
700,700,0.49732011294858025,7.054946499833201e-05
701,701,0.49729071162541677,0.00024807173091097713
702,702,0.4972935898861825,0.0002528393977121593
703,703,0.49728769173213616,0.00010451830378103202
704,704,0.49726040724202003,4.7433980405845156e-05
705,705,0.4972837174599844,0.0005397998746753832
706,706,0.49729823070490475,0.00042597776563311097
707,707,0.4973252966295444,0.0002933285401727284
708,708,0.49734744931422575,0.00047390542416828225
709,709,0.497339593114241,0.00012818337635968571
710,710,0.4973645573478881,5.8768833474028676e-05
711,711,0.4974116074043249,0.00033120764121130316
712,712,0.4973892650117262,0.00017305176268922029
713,713,0.49742077901119297,0.0006061912847754978
714,714,0.4974186307519642,0.00040294592418856887
715,715,0.49743852066426036,0.00014394602573550327
716,716,0.49743061414635364,0.00014674033430792083
717,717,0.4974332374260158,0.0003735445239398019
718,718,0.4974434847973198,0.0003611662991311356
719,719,0.4974022633744857,0.0002795233685307363
720,720,0.49739064589837695,3.378488937859916e-05
721,721,0.49738286044328933,0.0002208179740579249
722,722,0.4973513803747911,0.0006426709387894656
723,723,0.49734556533206015,0.0005464348591978163
724,724,0.49734165838891253,0.0001997599004232774
725,725,0.49737366179565956,0.00036698698671249825
726,726,0.49737067037999333,0.00038743930379178687
727,727,0.4974119673193747,0.00018149384355109672
728,728,0.4974324525205997,0.00022142668394162327
729,729,0.4974510024992014,8.625528407640333e-05
730,730,0.4974920200638395,0.0004486153123659693
731,731,0.4974692107610545,0.0001529286073811131
732,732,0.4974670491824754,0.00029953025383777296
733,733,0.4975181559599766,0.0006163425474792226
734,734,0.4975411289344271,0.00037188719340751006
735,735,0.49748110127035244,0.0001024495921384692
736,736,0.49748917217131705,0.00020686438588840165
737,737,0.4974832807312984,0.0003862165910142079
738,738,0.49747183659377314,0.0006828192459622706
739,739,0.49747710673636597,0.00037406806774426324
740,740,0.49749717228599627,0.00023149345569904633
741,741,0.4974940748875061,0.000226654711674366
742,742,0.49745775385075525,0.0004334050540428077
743,743,0.49745010841187676,0.0005575491394740357
744,744,0.49743880096850523,0.0002940877436544613
745,745,0.49745142819316196,0.00048716350611902493
746,746,0.4974227040764797,0.0003341896915029706
747,747,0.4974270665991799,0.00030932019156111205
748,748,0.49747354039496655,0.0001117721074140835
749,749,0.497440329218107,0.00015840155842484393
750,750,0.49743186496651015,0.000322057904916343
751,751,0.4974097422875988,0.00017046011414151562
752,752,0.4974031628401802,3.233190784172062e-05
753,753,0.49740114906143,0.0003307301539755759
754,754,0.49739732374022294,0.00022767293247235353
755,755,0.49740076643368825,0.00017902807111766676
756,756,0.4974069181466804,8.021011417846946e-05
757,757,0.49738681317885847,1.5133401766309267e-06
758,758,0.4973803159525113,0.0005463931270314864
759,759,0.49739910475777926,0.00039794580500360455
760,760,0.4974124365276358,2.3090894038658604e-05
761,761,0.497414032093725,0.0005249508914625773
762,762,0.49739225172456575,9.160805979151448e-05
763,763,0.49735885779127975,0.00010559974303240573
764,764,0.49737037933600503,8.811378823398652e-05
765,765,0.49734247350532046,0.00022805674883253754
766,766,0.49729943860515113,0.00023037048423770753
767,767,0.49729759659350703,5.7275516167075454e-05
768,768,0.49732786777048205,0.00010254382664547226
769,769,0.4973491529047085,4.830386845591433e-05
770,770,0.49733213061262255,0.0001379763972173567
771,771,0.4973044912116108,0.0005185493175642174
772,772,0.49730442914765666,4.9459340249382145e-05
773,773,0.4973309513935411,2.3497264306326187e-05
774,774,0.4973547502101864,0.0005240134614108581
775,775,0.4973873262342144,0.00012833129246580738
776,776,0.4974339418783863,0.00015142385800283082
777,777,0.4974363585712725,0.0006388974908882641
778,778,0.49744052996085514,0.0008144529543802256
779,779,0.4974358974358975,0.0001904019829514599
780,780,0.4974321549699745,0.00030956686448950445
781,781,0.49744508646185265,0.00011496677491869243
782,782,0.49744572158365263,0.0003835706628908869
783,783,0.49745247893396044,0.0002389498008726686
784,784,0.49741116440809763,6.660883319814735e-05
785,785,0.4973621015228781,0.0004212648941410158
786,786,0.4973706823676235,0.0003232874368586006
787,787,0.4974340763022846,0.00012609067809411513
788,788,0.4974390670067335,0.0002020906794007435
789,789,0.4974457814589085,0.0003556960260672169
790,790,0.49743426996786555,0.0004302082767883239
791,791,0.4974253855426695,0.0003158462786415118
792,792,0.49742344277863404,0.00014887545748355072
793,793,0.49745519378880704,0.00034612800629910557
794,794,0.4973876508700641,0.0003949072154277787
795,795,0.4974029957744829,0.0002617117921754415
796,796,0.49742604726572387,1.283333054120461e-05
797,797,0.49745763585919534,7.91103858086988e-05
798,798,0.49745480890894134,4.4952291381956235e-05
799,799,0.4974571330589849,0.0004172815847440774
800,800,0.4974337633513663,3.1114407147409646e-05
801,801,0.49739249270513697,0.00018691306162069976
802,802,0.4973735323811428,0.00019182632599203982
803,803,0.4973469415610562,0.0004022566802350113
804,804,0.4973459772171528,1.0683036839362013e-05
805,805,0.4973365056997076,0.00017913563273657773
806,806,0.4972922116664372,0.00020541034562437718
807,807,0.49728622553613383,0.000456080973885305
808,808,0.49731331844594673,0.0001188093841295098
809,809,0.4973174820911446,0.0003801815796335823
810,810,0.4972742756914104,0.0003143932691329072
811,811,0.4972953705393041,1.560239727182017e-05
812,812,0.4973391914989108,0.00015552723699140803
813,813,0.4973466732725992,0.00029156308470555035
814,814,0.4973659185202016,0.00014599269569995867
815,815,0.49735065493961644,0.00027319511366570776
816,816,0.4973354287239776,0.00024374078553114476
817,817,0.4972925701215115,1.4990349133872295e-05
818,818,0.4973276989737896,2.9452800771842294e-05
819,819,0.4973384857305363,0.00017795099510108456
820,820,0.49734423375421255,4.934508736502367e-05
821,821,0.49737082761774126,0.00015448537643776848
822,822,0.4973481874836449,0.00029187437429387223
823,823,0.4973114520489566,0.00023747742449142795
824,824,0.4973147108949578,0.00035023918198209223
825,825,0.4972880691650309,0.0001857451110049303
826,826,0.4973178875503207,0.00024512856191793964
827,827,0.49731450004307404,0.00044698827030061706
828,828,0.49728712763158545,0.00029696355022791593
829,829,0.4972680846844167,7.401070849429491e-05
830,830,0.49728787931310553,9.748748817945367e-05
831,831,0.49729361216629736,0.00032729780627241515
832,832,0.4972836871374064,0.00019984272753794242
833,833,0.49727378590954396,0.0001629283934412797
834,834,0.49727376522674815,0.0008196669474553517
835,835,0.49724585031602575,0.00010046517200200871
836,836,0.49724258529957904,0.00021663624827657156
837,837,0.49726224500820104,3.3237771653037204e-05
838,838,0.49726142069319573,0.00028713524189958825
839,839,0.49728672676203545,0.00019436578819832822
840,840,0.49731605036136683,5.9524919892482243e-05
841,841,0.49733308570292817,0.0001755483395945366
842,842,0.49728336481994057,0.00016960457937953866
843,843,0.49726870542650775,0.00022366857138930173
844,844,0.497219990097483,0.0002728990368796744
845,845,0.4972054402708461,0.0001928244549188205
846,846,0.49719011503523286,0.00010278997176799204
847,847,0.49721041359318785,0.0002897836293536168
848,848,0.4971926950289294,0.0003374833716282494
849,849,0.497201646090535,1.5749370653529866e-05
850,850,0.49720009864937403,5.071088945292976e-05
851,851,0.49720016486665763,6.782380802137075e-05
852,852,0.497180933267078,0.00024649462155280894
853,853,0.49716897485567796,0.00012839176986780256
854,854,0.4971779013147868,0.0002017065874482948
855,855,0.4971787944053434,0.00044770551652915767
856,856,0.49718048572795964,3.490986624812967e-05
857,857,0.49717018235536753,6.39219173911014e-05
858,858,0.49717826738910686,7.525912696944157e-05
859,859,0.4971823459980221,0.0003294291351082745
860,860,0.4972119062754414,0.0003439529560689581
861,861,0.4972127537006802,0.0004018676513617343
862,862,0.4972183676745712,0.00013345403566946266
863,863,0.49720809200833205,3.6897163844117204e-05
864,864,0.4971859463831204,0.00018973855738655911
865,865,0.49715276391779684,0.00038780286376314025
866,866,0.49715130141461894,0.0002561562215306566
867,867,0.497149842281264,0.00021869296050899137
868,868,0.4971302334171533,7.573150244869902e-05
869,869,0.49709490248017274,0.0001227912084441312
870,870,0.4970226424068326,0.00014285710706776034
871,871,0.4970205509621072,0.0003394084352064545
872,872,0.49703182033163795,6.83325799380406e-05
873,873,0.4970493419090758,2.435350680500557e-06
874,874,0.4970707427003723,0.00011772736361664223
875,875,0.4970380705413684,0.0003065088796307711
876,876,0.4970328451683239,0.00017311041275539912
877,877,0.49704794223059634,0.0004389381001423043
878,878,0.4970825120827227,0.00018014156596825458
879,879,0.49706478363885764,0.00024500354235111203
880,880,0.49709769886757327,3.948665082971403e-05
881,881,0.49711654209008704,0.0002001940846952161
882,882,0.49711437035794237,0.0004835955626827229
883,883,0.49709978958344975,9.487330648872227e-05
884,884,0.4971015166662792,0.0001941289371645646
885,885,0.4971194963879522,0.00013306451247514325
886,886,0.4971018661569416,0.00020976296015633012
887,887,0.49708813752023623,0.0005180072843140118
888,888,0.49709064144759685,2.3419921725794895e-05
889,889,0.49709622231469924,0.00011380256861252682
890,890,0.4970471365075845,0.00030240303998968243
891,891,0.49704275775526396,0.00014153497065803528
892,892,0.4970476054421142,3.893367552843165e-05
893,893,0.4970317280574965,0.0002653518215058387
894,894,0.4970005594255542,0.0006533756652707781
895,895,0.49698017710170495,7.319161966182837e-05
896,896,0.49696672187278734,0.00013089194687586662
897,897,0.49695635171589964,0.00027474598636923424
898,898,0.4969276943898952,8.948230056484517e-05
899,899,0.4969036732205457,0.00012163894329707176
900,900,0.49689873620074626,2.9055544566594396e-05
901,901,0.4969196633604944,3.134087411856133e-05
902,902,0.4969321891515403,0.00017599039328378816
903,903,0.4969340653337704,8.900725512001486e-05
904,904,0.4969222957354736,4.170894200331174e-05
905,905,0.49690676695827535,0.00013482891322031196
906,906,0.49693437567585147,6.994550916270224e-05
907,907,0.49695210384148225,1.9174386097044655e-05
908,908,0.49694112072386937,0.00018998488896944843
909,909,0.49691207283799876,0.0002264227477177028
910,910,0.49690115777443505,0.00013037717571512687
911,911,0.4969233569176714,4.810674555631252e-05
912,912,0.4969319853300219,0.0006037027460984199
913,913,0.49692858836630616,1.198777410315941e-05
914,914,0.49692145089837864,0.0003196588505772674
915,915,0.4969240629923147,0.0004903119421763802
916,916,0.49694162840897355,0.0002854840483921473
917,917,0.49691283311068674,0.00010103848368418121
918,918,0.4968863394487059,0.00012486520093259778
919,919,0.4968807777181369,0.00031659042825027785
920,920,0.4968744833626002,0.00018009180179327336
921,921,0.496828776233452,0.0003703746366669066
922,922,0.4968128917007373,0.0002470871023932089
923,923,0.4967985261195137,0.00022029648289824703
924,924,0.4967663960256553,0.00017996962944937938
925,925,0.49678618303128347,9.482771487720091e-05
926,926,0.4967852106371424,0.00024751168961004643
927,927,0.4967820230831086,0.00028372624169260694
928,928,0.4967662914678821,6.34177407317215e-05
929,929,0.4967830434974999,0.00042474234874832355
930,930,0.4967769217281888,0.0003821561482088206
931,931,0.49678479544558074,0.00011297539482642199
932,932,0.4967750092993235,0.0002944916868334872
933,933,0.496779930854798,2.3228817792366867e-05
934,934,0.4968149175120853,0.0005260909066580216
935,935,0.4968000011724291,0.00022701415521331783
936,936,0.49682757187006366,9.276086950408532e-06
937,937,0.4968550837815625,0.00010161560247132096
938,938,0.49684528531213346,0.00028945965164980285
939,939,0.4968603157925459,1.2521411034046135e-05
940,940,0.49687895870050397,0.0004202085211837018
941,941,0.4968771752014655,0.00018458470860147527
942,942,0.4968543029499002,0.00017310425385520166
943,943,0.49685472902280814,0.0002336091234505938
944,944,0.49686821840456963,0.00037977116657867164
945,945,0.49687732913400445,0.00015871049705624385
946,946,0.49689076616214944,0.0005940800938244641
947,947,0.49687523513511944,0.00022916443150015358
948,948,0.4968821414787929,0.00032861697431798453
949,949,0.4968435492022237,0.00016351268940380026
950,950,0.49685047434005647,0.00013800059215904317
951,951,0.4968523417597492,0.00011500188337053634
952,952,0.49683837193067304,0.0003756559619969212
953,953,0.49685175119991487,0.00011157179713801028
954,954,0.49680908366190507,5.1928138848896913e-05
955,955,0.4968095516871279,0.00022892088904053192
956,956,0.4968272192622981,0.00011259083482001942
957,957,0.496852009358775,0.00011875859433495918
958,958,0.49685958309910727,0.00019660051069502686
959,959,0.4968564243255601,0.0003116720572382208
960,960,0.4968768244098725,0.00020851942011458372
961,961,0.49683087646050605,4.677534035242929e-05
962,962,0.49682989400692557,0.0005252066291043585
963,963,0.49681681835516167,0.00015340724271581806
964,964,0.49684570388849797,0.0002120820011090972
965,965,0.4968574893427282,0.00014633844799230645
966,966,0.4968912380149884,0.00012381803120615744
967,967,0.4969079118910769,4.585483009162456e-05
968,968,0.49691676540661744,0.00035187282970621056
969,969,0.49693408567024444,0.00037813532122006274
970,970,0.4969351240854464,0.00024028420383797398
971,971,0.4969446279078957,2.2898828250687144e-05
972,972,0.4969301454779739,0.00015013520017378315
973,973,0.49694315579554005,0.0003796164244659175
974,974,0.4969807604375506,0.00016770037543845123
975,975,0.49700774696979916,0.00016466032156973152
976,976,0.4970206379092235,0.00012533289701390226
977,977,0.4970243855913779,0.0003262276770772583
978,978,0.4970099104514419,0.00039136500625383807
979,979,0.49702695893172083,6.2960652480328e-05
980,980,0.496960773209499,0.00039088412766164745
981,981,0.4969380257529915,8.088089167223771e-05
982,982,0.4969599794587549,0.0001325965984912496
983,983,0.4969351879732788,0.00030737209626996133
984,984,0.49693829945757,0.00013644456348768457
985,985,0.4969400134113529,0.00027897967447531143
986,986,0.49697368951374726,1.593460830585191e-05
987,987,0.49696633955893216,0.00010164943604040967
988,988,0.4969603914666267,0.00019181148080884715
989,989,0.49693505701736157,2.0786996724597084e-05
990,990,0.4969429944950369,0.00010116880661858058
991,991,0.4969018264082482,5.724895119004365e-05
992,992,0.49687110182802247,0.0002955799406744292
993,993,0.49683905904563186,0.00034531792460356037
994,994,0.4968794590235126,4.204536619156911e-05
995,995,0.4968942987312763,0.0001965980862969373
996,996,0.49687677573185945,0.00032789558977695414
997,997,0.49686753479524204,0.00020493722243006512
998,998,0.49689332679730486,0.0001341201101440199
